Wall time,Step,Value
1534253890.6319566,578,0.5174958109855652
1534258911.5193076,1156,0.696262776851654
1534264184.9798694,1734,0.5865269899368286
1534269336.6705792,2312,0.6467507481575012
1534274161.461942,2890,0.650797426700592
1534279051.682358,3468,0.6167579293251038
1534284039.09831,4046,0.651987612247467
1534289231.1928504,4624,0.6198524236679077
1534294440.4374504,5202,0.6457986235618591
1534299390.8626347,5780,0.6560342907905579
1534304417.2711203,6358,0.6236610412597656
1534309235.7789857,6936,0.647226870059967
1534314187.6550927,7514,0.6646036505699158
1534319291.2335553,8092,0.6769816875457764
1534324367.999045,8670,0.6322304010391235
1534329393.6479058,9248,0.693882405757904
1534334481.0845754,9826,0.6367531418800354
1534339322.6746693,10404,0.6536539196968079
1534344017.404456,10982,0.6767436265945435
1534348565.4489753,11560,0.5662937164306641
1534353356.7843678,12138,0.6355629563331604
1534358171.235297,12716,0.6707926392555237
1534363014.9053872,13294,0.6419900059700012
1534367789.7940276,13872,0.647940993309021
1534372578.5549955,14450,0.7184003591537476
1534377199.2441864,15028,0.6991192698478699
1534381784.99864,15606,0.695072591304779
1534386403.4207623,16184,0.6465127468109131
1534391008.1296546,16762,0.7022137641906738
1534395611.8410828,17340,0.7026898264884949
