Wall time,Step,Value
1534042734.600278,578,1.4190171957015991
1534043637.2785234,1156,1.109285593032837
1534044499.4950957,1734,1.1951171159744263
1534045433.3418462,2312,1.577989101409912
1534046367.846567,2890,1.14182710647583
1534047336.7618084,3468,1.1496522426605225
1534048311.7270482,4046,1.244543194770813
1534049248.7698705,4624,1.1843920946121216
1534050088.9533155,5202,1.2522900104522705
1534051020.7632344,5780,1.8166953325271606
1534051920.494637,6358,1.5890108346939087
1534052843.7847388,6936,1.3576467037200928
1534053762.873093,7514,1.3726004362106323
1534054707.5293186,8092,2.442124605178833
1534055598.9974203,8670,1.6153314113616943
1534056478.490402,9248,1.5380240678787231
1534057340.5639286,9826,1.8067704439163208
1534058156.818548,10404,1.9622772932052612
1534058964.3251789,10982,1.9896491765975952
1534059775.570446,11560,1.8703532218933105
1534060587.9978206,12138,2.525587558746338
1534061402.4366312,12716,1.8673769235610962
1534062356.9152112,13294,2.317032814025879
1534063169.1631117,13872,2.2548255920410156
1534063990.0625796,14450,2.0890817642211914
1534064932.802626,15028,2.4845216274261475
1534065736.1263568,15606,2.946983575820923
1534066587.3437674,16184,2.2609596252441406
1534067400.9654403,16762,2.171947479248047
1534068208.8859081,17340,2.6425952911376953
