Wall time,Step,Value
1531012519.8780816,1244,0.43243786692619324
1531021443.5099525,2488,0.47482484579086304
1531029106.160691,3732,0.49599313735961914
1531037133.0894163,4976,0.515548586845398
1531045098.0965245,6220,0.534751296043396
1531052886.6442323,7464,0.5535507202148438
1531060520.8308332,8708,0.5675117373466492
1531067993.7945893,9952,0.5793054699897766
1531075378.2488813,11196,0.5910992622375488
1531082716.7338283,12440,0.5984577536582947
1531090032.6540823,13684,0.6003729701042175
1531097405.5738602,14928,0.6110579371452332
1531104801.7518857,16172,0.6124691367149353
1531112208.8030725,17416,0.6150899529457092
1531119654.8645043,18660,0.621793270111084
1531127555.985398,19904,0.6243132948875427
1531137436.440065,21148,0.6281941533088684
1531147340.3270128,22392,0.6343430280685425
1531156982.3923254,23636,0.6369638442993164
1531166097.1334805,24880,0.6355022192001343
1531175699.2487018,26124,0.6415503025054932
1531188138.5782185,27368,0.6356534361839294
1531199917.0641584,28612,0.644271969795227
1531211784.4333985,29856,0.6430119276046753
1531224028.656543,31100,0.6438183784484863
1531233564.5059197,32344,0.6471447944641113
1531241396.992757,33588,0.6465904116630554
1531249482.6697202,34832,0.6470944285392761
1531257546.8051496,36076,0.653142511844635
